fulfillment_channel,total_sales,total_units
RET,1761298077.2399938,2538428
FBA,230474478.78000045,952629
