fulfillment_channel,total_sales,total_units
RET,1761298077.239995,2538428
FBA,230474478.77999997,952629
