fulfillment_channel,total_sales,total_units
RET,1761298077.239994,2538428
FBA,230474478.7800001,952629
