year,quarter,total_sales
2023,1,161674821.85999966
2023,2,173923698.1899997
2023,3,193302133.23999974
2023,4,214347570.4700001
2024,1,154164456.2
2024,2,147127585.1899994
2024,3,158455836.0600004
2024,4,196559792.25000024
2025,1,138384290.69999978
2025,2,141222447.23000053
2025,3,133470836.68000004
2025,4,167244754.7699998
2026,1,11894333.17999999
