year,quarter,total_sales_gms,total_shipped_units
2023,1,161674821.85999966,308945
2023,2,173923698.18999958,333958
2023,3,193302133.2399999,370733
2023,4,214347570.4699998,392789
2024,1,154164456.19999987,248383
2024,2,147127585.18999964,272010
2024,3,158455836.06000024,281688
2024,4,196559792.2500001,316409
2025,1,138384290.7000001,215071
2025,2,141222447.23000038,232242
2025,3,133470836.68000026,236894
2025,4,167244754.76999986,264673
2026,1,11894333.179999989,17262
