year,quarter,total_sales
2023,1,161674821.85999954
2023,2,173923698.18999946
2023,3,193302133.23999983
2023,4,214347570.4699998
2024,1,154164456.20000005
2024,2,147127585.1899994
2024,3,158455836.0600003
2024,4,196559792.2499997
2025,1,138384290.70000014
2025,2,141222447.2300006
2025,3,133470836.68000026
2025,4,167244754.76999968
2026,1,11894333.179999985
