year,quarter,total_sales
2023,1,161674821.85999948
2023,2,173923698.1899997
2023,3,193302133.2399996
2023,4,214347570.4699996
2024,1,154164456.2
2024,2,147127585.18999964
2024,3,158455836.06000033
2024,4,196559792.24999952
2025,1,138384290.69999987
2025,2,141222447.23000023
2025,3,133470836.68000022
2025,4,167244754.77
2026,1,11894333.179999989
