recovery_channel,conceded_units,concession_records,pct_of_total_units
,177752,257122,43.8435905215047
PRODUCT_RECOVERY,118089,130256,29.12735587275512
WAREHOUSE_DEAL,90526,86860,22.328777597718926
LIQUIDATE,7951,7880,1.9611615522552988
NO_RECOVERY,6341,6653,1.56404545376064
DESTROY,3211,3342,0.792012293333136
VENDOR_RETURN,1553,1626,0.38305670867217695
