fulfillment_channel,total_sales,return_rate_pct
RET,1761298077.239978,105.107806878903
FBA,230474478.78000063,83.37474504765234
