fulfillment_channel,total_sales_gms,shipped_units,conceded_units,return_rate_pct
RET,1761298077.2399902,2538428,2668086,105.107806878903
FBA,230474478.7799995,952629,794252,83.37474504765234
