fulfillment_channel,total_sales,return_rate_pct
RET,88163804017.20796,2.2230593883670884
FBA,5074057315.01021,3.7200754813943533
