brand_name,total_cogs
Apple,475934542.154777
Google,83815458.1884428
Samsung,22226288.648543995
Motorola,16075092.832933668
Nothing,5698580.839025592
