brand_name,total_cogs
Apple,475934542.1547773
Google,83815458.18844283
Samsung,22226288.64854396
Motorola,16075092.832933743
Nothing,5698580.839025594
