brand_name,total_cogs
Apple,475934542.1547764
Google,83815458.18844241
Samsung,22226288.648543973
Motorola,16075092.832933713
Nothing,5698580.839025583
