brand_name,total_cogs
Apple,475934542.1547775
Google,83815458.18844265
Samsung,22226288.648543973
Motorola,16075092.832933657
Nothing,5698580.839025579
