brand_name,total_ncrc,total_conceded
Apple,92287874.0499992,170560
Google,16238176.489999961,63479
Samsung,10445573.77,74863
XIAOMI,2350711.810000008,42808
Motorola,1409523.4000000004,27126
Sony,861328.3299999989,4759
Nothing,748535.1000000004,8958
ASUS,228947.54999999996,1041
Nokia,160478.7299999998,8819
Poco,96025.38000000003,1394
HONOR,67249.08999999998,809
OPPO,36132.63,634
Panasonic,3916.09,173
