brand_name,total_ncrc,total_conceded
Apple,92287874.04999968,170560
Google,16238176.489999972,63479
Samsung,10445573.769999992,74863
XIAOMI,2350711.8100000024,42808
Motorola,1409523.399999998,27126
Sony,861328.3299999987,4759
Nothing,748535.0999999988,8958
ASUS,228947.5499999999,1041
Nokia,160478.72999999992,8819
Poco,96025.38,1394
