brand_name,total_ncrc
Apple,92287874.04999916
Google,16238176.489999942
Samsung,10445573.770000026
XIAOMI,2350711.810000004
Motorola,1409523.3999999978
Sony,861328.3299999991
Nothing,748535.0999999992
ASUS,228947.55
Nokia,160478.72999999966
Poco,96025.37999999999
HONOR,67249.09000000003
OPPO,36132.630000000005
Panasonic,3916.0899999999997
