brand_name,net_margin,total_sales
Samsung,3551790822.028388,6005927627.71887
XIAOMI,935847153.6808275,1300987265.0899856
Nokia,9191836.038122622,17522083.359999925
Poco,3246958.8378167255,26061618.379999854
HONOR,1703967.090211593,3013717.8799999948
OPPO,1130496.9837627981,1408581.179999998
Panasonic,21763.099452000846,375048.1300000008
ASUS,-74453.74539758218,8738502.569999998
Sony,-26722797.070239484,149033257.2799992
Nothing,-46622392.62880451,413995033.8699882
