brand_name,shipped_units,conceded_units,return_rate_pct
OPPO,2679,1009,37.66330720418066
ASUS,8202,2280,27.798098024871983
HONOR,7355,1636,22.243371855880355
Panasonic,4796,984,20.517097581317763
Nokia,322056,42643,13.240864942742878
Poco,66451,8109,12.202976629396096
Nothing,1131170,76519,6.764588877003456
XIAOMI,6213163,351706,5.660659474087514
Sony,394879,16059,4.06681540421243
Motorola,4280707,149336,3.488582610302457
