return_window,conceded_units,total_ncrc
<=15,228563,67806268.46999949
15-30,88314,25631538.69000002
30-45,34606,15205616.350000005
120+,26880,6042943.84999999
45-60,11418,5389820.349999994
60-75,6173,2501015.249999999
75-90,3350,1178359.6300000008
105-120,3072,480629.0699999997
90-105,2739,696323.6599999999
0,308,1957.1
