return_window,total_units,total_ncrc
<=15,228563,67806268.46999972
15-30,88314,25631538.69000008
30-45,34606,15205616.349999929
120+,26880,6042943.849999998
45-60,11418,5389820.349999998
60-75,6173,2501015.249999995
75-90,3350,1178359.6300000013
105-120,3072,480629.0699999996
90-105,2739,696323.6599999999
0,308,1957.0999999999995
