return_window,total_units,total_ncrc
<=15,228563,67806268.46999955
15-30,88314,25631538.690000124
30-45,34606,15205616.349999998
120+,26880,6042943.849999988
45-60,11418,5389820.350000004
60-75,6173,2501015.249999998
75-90,3350,1178359.6300000018
105-120,3072,480629.06999999995
90-105,2739,696323.6600000001
0,308,1957.0999999999997
