is_hrr_asin,conceded_units,total_ncrc,concession_records,distinct_asins
N,394343,122154325.60999486,480816,3509
Y,11080,2780146.810000017,12923,51
