group_name,shipped_units,conceded_units,return_rate_pct
Google Pixel,379325,63641,16.777433599156396
iPhone,1552805,170557,10.983800284002177
