group_name,shipped_units,conceded_units,return_rate_pct
Google Pixel,22351038,779672,3.4883033172777034
iPhone,85079752,1425141,1.6750648262350365
