brand_group,total_sales,total_cogs,total_ncrc,net_margin
Apple,1377972696.0300004,1392140799.1516294,92287874.04999885,-106455977.17162785
Samsung,243022315.23999825,103653284.0752451,10445573.770000042,128923457.3947531
