brand_group,total_sales,total_cogs,total_ncrc,net_margin
Samsung,6005927627.719633,2395147145.43033,58989660.25999862,3551790822.0293045
Apple,74087727407.6632,75235566704.20348,785453092.5698067,-1933292389.1100898
